-- --------------------------------------------------------
-- 主机:                           127.0.0.1
-- 服务器版本:                        10.6.3-MariaDB - mariadb.org binary distribution
-- 服务器操作系统:                      Win64
-- HeidiSQL 版本:                  11.3.0.6295
-- --------------------------------------------------------

/*!40101 SET @OLD_CHARACTER_SET_CLIENT=@@CHARACTER_SET_CLIENT */;
/*!40101 SET NAMES utf8 */;
/*!50503 SET NAMES utf8mb4 */;
/*!40014 SET @OLD_FOREIGN_KEY_CHECKS=@@FOREIGN_KEY_CHECKS, FOREIGN_KEY_CHECKS=0 */;
/*!40101 SET @OLD_SQL_MODE=@@SQL_MODE, SQL_MODE='NO_AUTO_VALUE_ON_ZERO' */;
/*!40111 SET @OLD_SQL_NOTES=@@SQL_NOTES, SQL_NOTES=0 */;

-- 正在导出表  astera.comment 的数据：~15 rows (大约)
/*!40000 ALTER TABLE `comment` DISABLE KEYS */;
INSERT INTO `comment` (`id`, `content`, `user_id`, `entity_type`, `entity_id`, `create_time`, `status`) VALUES
	(1, 'test', 1, 1, 1, '2021-09-14 17:22:37', 0),
	(2, 'question comment', 1, 2, 83, '2021-09-15 15:21:02', 0),
	(3, 'comment2\r\n歪比巴卜', 11, 2, 83, '2021-09-15 18:11:10', 0),
	(4, 'comment3 歪比巴卜', 11, 2, 83, '2021-09-15 18:11:31', 0),
	(5, '毒品\r\n暴力\r\n赌博\r\n色情\r\n敏感词保存，读取时不可见', 11, 2, 83, '2021-09-16 14:22:17', 0),
	(6, '&lt;script&gt;alert(&#39;hello&#39;)&lt;/script&gt;\r\nhtml标签转义保存，读取时反转义', 11, 2, 83, '2021-09-16 14:24:15', 0),
	(7, 'add comment\r\n歪比巴卜', 11, 2, 83, '2021-09-16 15:24:48', 0),
	(8, 'add comment\r\n歪比巴卜', 11, 2, 83, '2021-09-16 15:25:24', 0),
	(9, 'add comment\r\n歪比巴卜', 11, 2, 83, '2021-09-16 15:28:02', 0),
	(10, 'feed', 11, 2, 82, '2021-10-20 17:11:56', 0),
	(11, 'feed', 11, 2, 82, '2021-10-20 17:13:52', 0),
	(12, 'feed', 11, 2, 82, '2021-10-20 17:45:26', 0),
	(13, 'feed\r\n', 11, 2, 2, '2021-10-22 14:27:34', 0),
	(14, 'feed\r\n', 11, 2, 82, '2021-10-22 15:30:59', 0),
	(15, 'feed\r\n', 11, 2, 82, '2021-10-22 18:00:52', 0),
	(16, 'wtf?\r\n', 11, 2, 77, '2021-10-26 15:57:03', 0),
	(17, 'wuhu', 12, 2, 85, '2021-10-26 17:18:14', 0);
/*!40000 ALTER TABLE `comment` ENABLE KEYS */;

-- 正在导出表  astera.feed 的数据：~22 rows (大约)
/*!40000 ALTER TABLE `feed` DISABLE KEYS */;
INSERT INTO `feed` (`id`, `create_time`, `user_id`, `data`, `type`) VALUES
	(1, '2021-10-20 17:45:26', 11, '{"userHead":"https://images.nowcoder.com/head/803t.png","questionId":"83","questionTitle":"filterTest","userName":"test1","userId":"11"}', 1),
	(2, '2021-10-21 15:05:22', 11, '{"userHead":"https://images.nowcoder.com/head/803t.png","questionId":"83","questionTitle":"filterTest","userName":"test1","userId":"11"}', 4),
	(3, '2021-10-22 14:27:22', 11, '{"userHead":"https://images.nowcoder.com/head/803t.png","questionId":"2","questionTitle":"TITLE{1}","userName":"test1","userId":"11"}', 4),
	(4, '2021-10-22 14:27:34', 11, '{"userHead":"https://images.nowcoder.com/head/803t.png","questionId":"2","questionTitle":"TITLE{1}","userName":"test1","userId":"11"}', 1),
	(5, '2021-10-22 15:31:00', 11, '{"userHead":"https://images.nowcoder.com/head/803t.png","questionId":"82","questionTitle":"filterTest","userName":"test1","userId":"11"}', 1),
	(6, '2021-10-22 15:31:03', 11, '{"userHead":"https://images.nowcoder.com/head/803t.png","questionId":"82","questionTitle":"filterTest","userName":"test1","userId":"11"}', 4),
	(7, '2021-10-22 16:37:13', 11, '{"userHead":"https://images.nowcoder.com/head/803t.png","questionId":"82","questionTitle":"filterTest","userName":"test1","userId":"11"}', 4),
	(8, '2021-10-22 18:00:35', 11, '{"userHead":"https://images.nowcoder.com/head/803t.png","questionId":"82","questionTitle":"filterTest","userName":"test1","userId":"11"}', 4),
	(9, '2021-10-22 18:00:37', 11, '{"userHead":"https://images.nowcoder.com/head/803t.png","questionId":"82","questionTitle":"filterTest","userName":"test1","userId":"11"}', 4),
	(10, '2021-10-22 18:00:52', 11, '{"userHead":"https://images.nowcoder.com/head/803t.png","questionId":"82","questionTitle":"filterTest","userName":"test1","userId":"11"}', 1),
	(11, '2021-10-22 18:06:00', 1, '{"userHead":"https://images.nowcoder.com/head/510t.png","questionId":"80","questionTitle":"USER0","userName":"ANONYMOUS","userId":"1"}', 4),
	(12, '2021-10-22 18:07:22', 2, '{"userHead":"https://images.nowcoder.com/head/550t.png","questionId":"80","questionTitle":"USER0","userName":"SYSTEM","userId":"2"}', 4),
	(13, '2021-10-26 15:57:03', 11, '{"userHead":"https://images.nowcoder.com/head/803t.png","questionId":"77","questionTitle":"test4","userName":"test1","userId":"11"}', 1),
	(14, '2021-10-26 16:35:53', 12, '{"userHead":"https://images.nowcoder.com/head/954t.png","questionId":"80","questionTitle":"USER0","userName":"test2","userId":"12"}', 4),
	(15, '2021-10-26 16:41:21', 12, '{"userHead":"https://images.nowcoder.com/head/954t.png","questionId":"80","questionTitle":"USER0","userName":"test2","userId":"12"}', 4),
	(16, '2021-10-26 17:18:14', 12, '{"userHead":"https://images.nowcoder.com/head/954t.png","questionId":"85","questionTitle":"feed1","userName":"test2","userId":"12"}', 1),
	(17, '2021-10-26 17:18:17', 12, '{"userHead":"https://images.nowcoder.com/head/954t.png","questionId":"85","questionTitle":"feed1","userName":"test2","userId":"12"}', 4),
	(18, '2021-10-27 10:19:48', 12, '{"userHead":"https://images.nowcoder.com/head/954t.png","questionId":"83","questionTitle":"filterTest","userName":"test2","userId":"12"}', 4),
	(19, '2021-10-27 10:19:51', 12, '{"userHead":"https://images.nowcoder.com/head/954t.png","questionId":"83","questionTitle":"filterTest","userName":"test2","userId":"12"}', 4),
	(20, '2021-10-27 10:19:56', 12, '{"userHead":"https://images.nowcoder.com/head/954t.png","questionId":"83","questionTitle":"filterTest","userName":"test2","userId":"12"}', 4),
	(21, '2021-10-27 10:19:59', 12, '{"userHead":"https://images.nowcoder.com/head/954t.png","questionId":"83","questionTitle":"filterTest","userName":"test2","userId":"12"}', 4),
	(22, '2021-10-27 10:20:00', 12, '{"userHead":"https://images.nowcoder.com/head/954t.png","questionId":"83","questionTitle":"filterTest","userName":"test2","userId":"12"}', 4),
	(23, '2021-10-27 10:20:11', 12, '{"userHead":"https://images.nowcoder.com/head/954t.png","questionId":"83","questionTitle":"filterTest","userName":"test2","userId":"12"}', 4),
	(24, '2021-10-27 11:27:44', 12, '{"userHead":"https://images.nowcoder.com/head/954t.png","questionId":"85","questionTitle":"feed1","userName":"test2","userId":"12"}', 4),
	(25, '2021-11-15 14:19:43', 14, '{"userHead":"/images/img/17.png","questionId":"85","questionTitle":"feed1","userName":"test4","userId":"14"}', 4),
	(26, '2021-11-15 17:27:23', 14, '{"userHead":"/images/img/17.png","questionId":"84","questionTitle":"follow me","userName":"test4","userId":"14"}', 4);
/*!40000 ALTER TABLE `feed` ENABLE KEYS */;

-- 正在导出表  astera.login_ticket 的数据：~111 rows (大约)
/*!40000 ALTER TABLE `login_ticket` DISABLE KEYS */;
INSERT INTO `login_ticket` (`id`, `user_id`, `ticket`, `expired`, `status`) VALUES
	(2, 11, '9927588bb7e640a582eb5779985dd439', '2021-09-03 14:56:00', 0),
	(3, 11, 'cfbaaab3aa244413b9ccc3d2478ca5da', '2021-09-03 14:58:56', 0),
	(4, 11, 'ee6aefcb3b1b429088d10aa49eefe3d4', '2021-09-03 15:00:04', 0),
	(5, 11, '328de644bd154a8ca597c0bbec7ae919', '2021-09-03 16:02:23', 0),
	(6, 11, '470956b839fa4bd0a4c648c31dda6d5a', '2021-09-06 11:11:19', 1),
	(7, 11, 'be8c1e452207475a8d29f82b1239d8cb', '2021-09-06 12:11:59', 1),
	(8, 12, '637cbf0460dc468bb61201d22362b01f', '2021-09-06 12:47:30', 1),
	(9, 11, '5f38bc554b514a898dbbb648c8cf82c4', '2021-09-06 12:48:15', 1),
	(10, 11, 'fc235c5e34a04ae59b111e9231b44071', '2021-09-06 12:49:08', 0),
	(11, 11, 'c98f16fdf01947e19ee4e7ee1128fb48', '2021-09-06 15:50:01', 1),
	(12, 11, 'df3ba5eac157490e9f255aa0fb44a7e5', '2021-09-06 16:30:55', 0),
	(13, 13, '30c7370951c042e7941c019a666313ee', '2021-09-06 16:31:29', 1),
	(14, 13, 'c3844d789b00459b8ea7d23739ac8b04', '2021-09-06 17:00:10', 1),
	(15, 13, '1a1e6e9082424bf3afe2673b089d4162', '2021-09-06 17:00:25', 1),
	(16, 14, 'a2a8df85b1b94089bb89b4571100420e', '2021-09-06 17:01:07', 1),
	(17, 1, '808fc70e35f34156966ac9624d70400f', '2021-09-06 18:46:39', 0),
	(18, 1, '2f232a732c3c41febedf8c7de7a8e835', '2021-09-06 18:47:58', 1),
	(19, 1, 'bf90981993b649b4bc5ff9be67bc8bf0', '2021-09-06 18:48:04', 1),
	(20, 1, '0c21b3c2626a4f0990ab326595bfe926', '2021-09-07 15:00:54', 1),
	(21, 11, '86a5eb9690c6444893ea0bbfc785de94', '2021-09-07 15:01:00', 0),
	(22, 11, 'd48db4f8deb041d5bd7c6c43472ad561', '2021-09-07 19:52:27', 0),
	(23, 11, '7283458721fb4e7698ee481458164fd3', '2021-09-08 12:57:04', 1),
	(24, 12, '4d566e2bef2e4c93a132c42dfc52e681', '2021-09-08 12:57:17', 0),
	(25, 13, '1aa63944d3f64747a29f6a9e387f5422', '2021-09-08 15:15:12', 0),
	(26, 14, '29f1d5a4e12248bd959603182fe74403', '2021-09-08 19:39:47', 0),
	(27, 14, '538b955575a84e80bfb3f50e5ea5a799', '2021-09-09 10:43:49', 0),
	(28, 14, '6f2a635e38cf48e59e7b57c67429af9f', '2021-09-09 11:49:29', 0),
	(29, 1, '03fee01a89e3476db74fa473734b6577', '2021-09-09 15:47:42', 0),
	(30, 1, '377fe37413334d9fbdc37bf22c6977d5', '2021-09-09 17:06:00', 0),
	(31, 1, 'b45ad18bdd534bb2a75183576a420fc6', '2021-09-09 18:41:57', 0),
	(32, 1, 'c11c2ad5c8e24983beffb39d718a16c4', '2021-09-10 17:57:57', 1),
	(33, 2, '1563ddd774d44f41bf8965409f87ad7a', '2021-09-10 17:58:12', 0),
	(34, 2, 'e86d8c93af344a778b4d888b7b1175c4', '2021-09-13 19:43:38', 0),
	(35, 1, '88160f634fef4cf69088c18d8e55dacb', '2021-09-14 10:59:44', 0),
	(36, 1, 'bd326910f13b419ca1e0117db9e86a1a', '2021-09-14 12:09:37', 0),
	(37, 1, 'fc0f455ca62740edb5e184c0c97f08df', '2021-09-14 12:39:59', 0),
	(38, 1, '14665a1c8f754274abfe22aa051222e5', '2021-09-14 15:10:04', 0),
	(39, 1, '6e92546abcfa4efeb99e13d17edc1152', '2021-09-15 16:10:43', 0),
	(40, 11, '2dde9056a8864fa188172bb09fb356a1', '2021-09-15 18:15:12', 0),
	(41, 11, 'ed2e861920384836ab965b59eb4f9c9d', '2021-09-16 15:22:00', 0),
	(42, 11, 'cb4ee3b1c3e34689ab613a521fd9db28', '2021-09-16 16:24:16', 0),
	(43, 11, 'bd99fcb8490a442c900e269727bee2e1', '2021-09-17 15:00:00', 1),
	(44, 1, 'f3a5ed4498b64fd0aa178ea050b10af4', '2021-09-17 15:14:02', 1),
	(45, 2, 'e1fba664d91748c0bc414aaa83fd99ab', '2021-09-17 15:20:17', 1),
	(46, 1, '0363dd73f1de40fc9fb2d2937054d12e', '2021-09-18 11:17:48', 0),
	(47, 1, '510051a5e3fb4229aa8fc0302e370d6c', '2021-09-18 12:29:23', 1),
	(48, 11, 'f691a74361574ad0ac79d617b8298734', '2021-09-18 12:59:43', 0),
	(49, 11, 'ec3a32fbb5204d4fb587e6b19c918882', '2021-09-18 14:46:08', 1),
	(50, 1, '60d64b2fbf06492081c18a9039496d12', '2021-09-18 14:53:00', 0),
	(51, 1, '8d14aa23194d4d02a29bcf5fd7169328', '2021-09-18 18:11:25', 0),
	(52, 1, '8b2c2cac67f0493099b28c2951a29156', '2021-09-18 19:18:11', 1),
	(53, 2, '2ec40298afd84f7798305a160e7f9c0b', '2021-09-18 19:30:51', 0),
	(54, 2, '01485697a0f0490eaf53df000eb156b8', '2021-09-22 10:47:27', 0),
	(55, 2, '57a0bf44d8e54a82a267ab456971f0ff', '2021-09-23 11:16:34', 1),
	(56, 1, 'dfbba788a84c41b7a0abb1eea4721280', '2021-09-23 11:17:25', 0),
	(57, 1, '324e6e4d29ab40529d88cc7cdf8ab96a', '2021-09-23 12:33:22', 0),
	(58, 1, 'c55139e960a24d798b40dab3fcec21f7', '2021-09-23 14:44:16', 0),
	(59, 1, '4f2e69b073df4aab9f3f26296125904a', '2021-09-23 19:29:56', 0),
	(60, 1, 'c54e8156678746aeb53082b1b1a5e2a5', '2021-09-24 11:49:52', 0),
	(61, 1, 'd2d1ff95490448ec8d8f5c7d4d92e0da', '2021-09-24 17:20:45', 0),
	(62, 1, 'f33f3dc22c4042508ff676fcce4003d2', '2021-09-24 18:58:25', 0),
	(63, 1, '8a4d1702948347fbb7b4a98f1472989e', '2021-09-26 11:29:39', 0),
	(64, 2, '2079b18df2b14e9f86538bc56ff57022', '2021-09-26 15:07:00', 0),
	(65, 2, 'daafed307824473a9d8aa8fd2df6c086', '2021-09-26 16:15:00', 0),
	(66, 2, 'c63a948e2df648509926c9f470fb562b', '2021-09-26 17:48:04', 0),
	(67, 2, 'a6fa9f232ed540a5b577ee64b13fe9eb', '2021-09-26 18:34:34', 0),
	(68, 2, '3f86b1e6d22347b489ccbb45db4ed34f', '2021-09-26 18:42:20', 0),
	(69, 2, '36e57ad301ca43908a8c5b6eaca36314', '2021-09-29 18:31:26', 0),
	(70, 2, 'b0572f7e43ee4937aea3f1fcfdb08113', '2021-10-08 17:44:47', 0),
	(71, 2, 'f4e989f4ad1249da883a3c401baa49e4', '2021-10-09 10:51:25', 0),
	(72, 2, 'b56e7b78bd8042ea923108e9b6629d37', '2021-10-09 11:53:39', 1),
	(73, 11, '3a1e7d0b174f4d07aa301731cd7918bb', '2021-10-09 12:39:27', 0),
	(74, 11, '6820aacbe37c419fbdb4b97c0147c984', '2021-10-10 13:51:21', 0),
	(75, 11, '1a70d9ecf3934f18b825d23fc3a7d35d', '2021-10-11 16:03:18', 1),
	(76, 11, 'f75f520c4b9b49f4ab2db5fa6d7197db', '2021-10-12 09:42:50', 1),
	(77, 11, 'c110136dbc934b6f954e0de21435f2f7', '2021-10-12 09:56:30', 1),
	(78, 11, '1067912e97ad4daf8e1eb1ff8c70831a', '2021-10-12 10:05:36', 1),
	(79, 11, '9606898d239149c3a7bf5cd41eaf2abb', '2021-10-12 10:10:59', 1),
	(80, 11, '5ab5c0f7c08e48e3bd1040eb289ee0eb', '2021-10-12 10:12:48', 1),
	(81, 11, '306862612efd40afacb98e421bfda617', '2021-10-12 10:13:18', 1),
	(82, 11, '6d49b95650a44d1b8d1c4f9f05a40582', '2021-10-12 10:19:59', 1),
	(83, 11, '3b161196c23d4daebca87b11ab287642', '2021-10-12 10:22:33', 1),
	(84, 1, '38e4bc325037448a87d1de1944a4afe0', '2021-10-12 10:23:19', 1),
	(85, 1, '2d3851a6f7074ae58e42438bb8af8e4d', '2021-10-13 09:09:53', 1),
	(86, 1, 'e2800fa903194d3aa3720494055b341d', '2021-10-13 09:10:46', 1),
	(87, 1, '4303bc98aa1b4e89b4c533cf5d77a869', '2021-10-13 09:19:14', 1),
	(88, 1, 'f4f92c518d93449bb69c1e7e08e6b5ab', '2021-10-13 11:31:12', 0),
	(89, 1, '017f7ead95354f3cb6205c395b7e04d7', '2021-10-14 15:10:02', 0),
	(90, 1, 'e303bd3a8f094a3db4161db1dba7e43b', '2021-10-19 14:18:14', 0),
	(91, 1, '2dc1192635054f63bfcc7c25070fe1c1', '2021-10-19 14:18:28', 1),
	(92, 2, 'e8890a6b253347e3b3071eee4fab8c8b', '2021-10-19 17:03:25', 1),
	(93, 2, '950a0454229e4f5ebe995a0600859ca1', '2021-10-19 17:06:30', 0),
	(94, 1, '643eb1e0aa7649c3a2e1e7c0df2160bb', '2021-10-20 09:01:49', 1),
	(95, 11, '6bac8f8d44f748379f9ca245f46fc732', '2021-10-20 09:01:59', 0),
	(96, 11, '51ce1a5b866640d08a0fe5c3d04cb050', '2021-10-21 17:09:48', 0),
	(97, 11, '1ae0a671bbcd42aeb6ab45c4fa8fbda9', '2021-10-23 10:17:39', 1),
	(98, 1, '87d294f592d9464090380578b627825c', '2021-10-23 18:05:50', 1),
	(99, 11, 'b30d99e12369448eb83feb50a9cb0a1c', '2021-10-23 18:06:23', 1),
	(100, 2, '2e0690e1bddb4d64b5ed35824f8f64c1', '2021-10-23 18:07:12', 1),
	(101, 11, 'cf7aaf41f75342cba9611b12243be71b', '2021-10-23 18:07:22', 0),
	(102, 11, 'eb694d80a98544ce917a5f75fe4d3e41', '2021-10-26 15:02:40', 0),
	(103, 12, '713a11f3abb14850b2be63321d238fa5', '2021-10-26 17:01:22', 1),
	(104, 13, '8609e66ce848462b90a497ebac42ada9', '2021-10-27 11:32:11', 1),
	(105, 11, '7b0afcfc4fb8470eb8bf557880b049a1', '2021-10-27 15:16:39', 1),
	(106, 12, 'e50016a1e9754eeba39674d389600b5e', '2021-10-27 15:22:59', 1),
	(107, 11, 'fd969a9c805f42b1aad398ff246a5882', '2021-10-27 15:39:07', 1),
	(108, 12, '6c85796e75214136954e3e763a07f80b', '2021-10-27 15:39:28', 0),
	(109, 11, '6eba7eac27554a4ca2e419c419eb5e8b', '2021-10-27 15:40:07', 0),
	(110, 12, '3d6948ae03ec47589bc4d1bf99c46eec', '2021-10-28 16:31:12', 1),
	(111, 11, '218a9b9c2ca54e188885649580278977', '2021-10-28 18:18:31', 0),
	(112, 11, 'a197fe938d594041892d5225666b0131', '2021-10-28 18:33:27', 1),
	(113, 14, '1bda394babcb4cdd8275d0ae3ced0bc1', '2021-10-28 18:34:07', 1),
	(114, 14, 'aa68c0ee726d4a5e8a8abc50c424c069', '2021-10-28 18:34:27', 1),
	(115, 13, '9b075bfc8e164deb9e17dbde8b7e2825', '2021-10-28 18:34:32', 1),
	(116, 15, '4ab561cc49e14ca587b9725a238bdf02', '2021-10-29 10:58:05', 1),
	(117, 15, '81139dcc1c984dd59ae1960545d50c0b', '2021-10-29 11:09:08', 0),
	(118, 15, '3cb14b2c9b84487aa9a74c670e561ab6', '2021-11-06 15:21:39', 1),
	(119, 15, '53e033f610b645099afc3c625a0796c7', '2021-11-12 09:43:59', 1),
	(120, 11, '93f949260581427db1a90668daacc737', '2021-11-12 17:02:41', 1),
	(121, 12, '5f69109a06f74b28a46cade2511c68f1', '2021-11-12 17:02:47', 1),
	(122, 13, 'f4c17232bf9a43bdbc3667a6fdcd6d84', '2021-11-12 17:02:55', 1),
	(123, 14, '08bc4475bfb94520a51e652cb757e5fc', '2021-11-12 17:03:14', 0),
	(124, 14, '8409d85ff98048ddbba50198699bb757', '2021-11-16 09:49:12', 0);
/*!40000 ALTER TABLE `login_ticket` ENABLE KEYS */;

-- 正在导出表  astera.message 的数据：~161 rows (大约)
/*!40000 ALTER TABLE `message` DISABLE KEYS */;
INSERT INTO `message` (`id`, `from_id`, `to_id`, `content`, `create_time`, `has_read`, `conversation_id`) VALUES
	(1, 11, 1, 'message: \n11 to 1', '2021-09-17 14:00:54', 1, '1_11'),
	(2, 11, 1, 'MESSAGE:\n11 TO 1', '2021-09-17 14:12:05', 1, '1_11'),
	(3, 11, 1, 'MESSAGE AGAIN', '2021-09-17 14:12:47', 1, '1_11'),
	(4, 1, 11, 'REPLY:\n1 TO 11', '2021-09-17 14:14:32', 1, '1_11'),
	(5, 1, 2, 't', '2021-09-18 13:51:51', 0, '1_2'),
	(6, 2, 11, '用户USER2赞了你的评论83', '2021-10-09 11:34:12', 1, '2_11'),
	(7, 2, 11, '用户USER2赞了你的评论83', '2021-10-09 11:34:22', 1, '2_11'),
	(8, 2, 11, '用户USER2赞了你的评论83', '2021-10-09 11:34:26', 1, '2_11'),
	(9, 2, 11, '用户test1赞了你的评论83', '2021-10-09 15:32:37', 1, '2_11'),
	(10, 2, 11, '用户test1赞了你的评论83', '2021-10-09 15:32:38', 1, '2_11'),
	(11, 2, 11, '用户test1赞了你的评论83', '2021-10-09 15:32:40', 1, '2_11'),
	(12, 2, 11, 'USER1赞了你的评论83', '2021-10-18 16:59:35', 1, '2_11'),
	(13, 2, 2, 'USER1关注了你', '2021-10-18 17:02:56', 0, '2_2'),
	(14, 2, 2, 'ANONYMOUS关注了你', '2021-10-18 17:21:18', 0, '2_2'),
	(15, 2, 1, 'ANONYMOUS关注了你', '2021-10-18 17:21:28', 0, '1_2'),
	(16, 2, 1, 'ANONYMOUS关注了你', '2021-10-18 17:21:30', 0, '1_2'),
	(17, 2, 1, 'ANONYMOUS关注了你', '2021-10-18 18:11:04', 0, '1_2'),
	(18, 2, 14, 'ANONYMOUS关注了你', '2021-10-18 18:14:02', 1, '2_14'),
	(19, 2, 2, 'ANONYMOUS关注了你', '2021-10-18 18:14:15', 0, '2_2'),
	(20, 2, 2, 'ANONYMOUS关注了你', '2021-10-18 18:14:23', 0, '2_2'),
	(21, 2, 2, 'test1关注了你', '2021-10-19 09:02:13', 0, '2_2'),
	(22, 2, 2, 'test1关注了你', '2021-10-19 09:05:15', 0, '2_2'),
	(23, 2, 2, 'test1关注了你', '2021-10-19 10:30:29', 0, '2_2'),
	(24, 2, 2, 'test1关注了你', '2021-10-19 10:47:30', 0, '2_2'),
	(25, 2, 2, 'test1关注了你', '2021-10-19 10:47:36', 0, '2_2'),
	(26, 2, 2, 'test1关注了你', '2021-10-19 10:52:42', 0, '2_2'),
	(27, 2, 2, 'test1关注了你', '2021-10-19 10:53:06', 0, '2_2'),
	(28, 2, 2, 'test1关注了你', '2021-10-19 10:53:12', 0, '2_2'),
	(29, 2, 2, 'test1关注了你', '2021-10-19 10:53:13', 0, '2_2'),
	(30, 2, 2, 'test1关注了你', '2021-10-19 10:53:15', 0, '2_2'),
	(31, 2, 2, 'test1关注了你', '2021-10-19 10:53:16', 0, '2_2'),
	(32, 2, 2, 'test1关注了你', '2021-10-19 10:53:18', 0, '2_2'),
	(33, 2, 2, 'test1关注了你', '2021-10-19 10:53:25', 0, '2_2'),
	(34, 2, 2, 'test1关注了你', '2021-10-19 10:53:26', 0, '2_2'),
	(35, 2, 2, 'test1关注了你', '2021-10-19 10:53:50', 0, '2_2'),
	(36, 2, 2, 'test1关注了你', '2021-10-19 10:53:51', 0, '2_2'),
	(37, 2, 2, 'test1关注了你', '2021-10-19 10:53:53', 0, '2_2'),
	(38, 2, 2, 'test1关注了你', '2021-10-19 10:53:55', 0, '2_2'),
	(39, 2, 82, 'test1关注了你的问题', '2021-10-21 15:05:22', 0, '2_82'),
	(40, 2, 2, 'test1关注了你的问题', '2021-10-22 14:27:22', 0, '2_2'),
	(41, 2, 11, 'test1赞了你的评论2', '2021-10-22 14:27:36', 1, '2_11'),
	(42, 2, 11, 'test1赞了你的评论2', '2021-10-22 14:27:39', 1, '2_11'),
	(43, 2, 11, 'test1赞了你的评论2', '2021-10-22 14:27:42', 1, '2_11'),
	(44, 2, 82, 'test1关注了你的问题', '2021-10-22 15:31:03', 0, '2_82'),
	(45, 2, 11, 'test1赞了你的评论82', '2021-10-22 15:31:05', 1, '2_11'),
	(46, 2, 11, 'test1赞了你的评论82', '2021-10-22 15:31:07', 1, '2_11'),
	(47, 2, 11, 'test1赞了你的评论82', '2021-10-22 15:33:41', 1, '2_11'),
	(48, 2, 11, 'test1赞了你的评论82', '2021-10-22 15:33:47', 1, '2_11'),
	(49, 2, 11, 'test1赞了你的评论82', '2021-10-22 15:33:54', 1, '2_11'),
	(50, 2, 11, 'test1赞了你的评论82', '2021-10-22 15:34:36', 1, '2_11'),
	(51, 2, 11, 'test1赞了你的评论82', '2021-10-22 15:34:38', 1, '2_11'),
	(52, 2, 11, 'test1赞了你的评论82', '2021-10-22 15:34:39', 1, '2_11'),
	(53, 2, 11, 'test1赞了你的评论82', '2021-10-22 15:34:41', 1, '2_11'),
	(54, 2, 11, 'test1赞了你的评论82', '2021-10-22 15:34:47', 1, '2_11'),
	(55, 2, 11, 'test1赞了你的评论82', '2021-10-22 15:34:55', 1, '2_11'),
	(56, 2, 11, 'test1赞了你的评论82', '2021-10-22 15:34:56', 1, '2_11'),
	(57, 2, 11, 'test1赞了你的评论82', '2021-10-22 15:34:58', 1, '2_11'),
	(58, 2, 11, 'test1赞了你的评论82', '2021-10-22 15:34:59', 1, '2_11'),
	(59, 2, 11, 'test1赞了你的评论82', '2021-10-22 15:35:00', 1, '2_11'),
	(60, 2, 11, 'test1赞了你的评论82', '2021-10-22 15:35:19', 1, '2_11'),
	(61, 2, 11, 'test1赞了你的评论82', '2021-10-22 15:35:36', 1, '2_11'),
	(62, 2, 11, 'test1赞了你的评论82', '2021-10-22 15:35:38', 1, '2_11'),
	(63, 2, 11, 'test1赞了你的评论82', '2021-10-22 15:35:41', 1, '2_11'),
	(64, 2, 82, 'test1关注了你的问题', '2021-10-22 18:00:07', 0, '2_82'),
	(65, 2, 82, 'test1关注了你的问题', '2021-10-22 18:00:35', 0, '2_82'),
	(66, 2, 82, 'test1关注了你的问题', '2021-10-22 18:00:37', 0, '2_82'),
	(67, 2, 80, 'ANONYMOUS关注了你的问题', '2021-10-22 18:06:00', 0, '2_80'),
	(68, 2, 80, 'SYSTEM关注了你的问题', '2021-10-22 18:07:22', 0, '2_80'),
	(69, 2, 11, 'test2关注了你', '2021-10-25 17:02:12', 1, '2_11'),
	(70, 2, 11, 'test2关注了你', '2021-10-25 17:02:13', 1, '2_11'),
	(71, 2, 11, 'test2关注了你', '2021-10-25 17:02:14', 1, '2_11'),
	(72, 2, 11, 'test2关注了你', '2021-10-25 17:02:14', 1, '2_11'),
	(73, 2, 11, 'test2关注了你', '2021-10-25 17:02:15', 1, '2_11'),
	(74, 2, 11, 'test2关注了你', '2021-10-25 17:02:16', 1, '2_11'),
	(75, 2, 11, 'test2关注了你', '2021-10-25 17:02:16', 1, '2_11'),
	(76, 2, 11, 'test1关注了你', '2021-10-25 18:10:03', 1, '2_11'),
	(77, 2, 11, 'test1关注了你', '2021-10-25 18:10:07', 1, '2_11'),
	(78, 2, 11, 'test2关注了你', '2021-10-26 11:32:02', 1, '2_11'),
	(79, 2, 11, 'test3关注了你', '2021-10-26 11:32:22', 1, '2_11'),
	(80, 11, 12, 'message', '2021-10-26 15:40:49', 1, '11_12'),
	(81, 2, 11, 'test1赞了你的评论77', '2021-10-26 15:57:12', 1, '2_11'),
	(82, 2, 11, 'test2赞了你的评论77', '2021-10-26 15:57:30', 1, '2_11'),
	(83, 2, 11, 'test2赞了你的评论77', '2021-10-26 15:57:47', 1, '2_11'),
	(84, 2, 11, 'test2赞了你的评论77', '2021-10-26 15:57:48', 1, '2_11'),
	(85, 2, 11, 'test2赞了你的评论77', '2021-10-26 16:01:01', 1, '2_11'),
	(86, 2, 11, 'test2赞了你的评论77', '2021-10-26 16:01:02', 1, '2_11'),
	(87, 2, 11, 'test2赞了你的评论77', '2021-10-26 16:01:08', 1, '2_11'),
	(88, 2, 11, 'test2赞了你的评论77', '2021-10-26 16:01:10', 1, '2_11'),
	(89, 2, 11, 'test2赞了你的评论77', '2021-10-26 16:01:11', 1, '2_11'),
	(90, 2, 11, 'test2赞了你的评论77', '2021-10-26 16:01:22', 1, '2_11'),
	(91, 2, 11, 'test2赞了你的评论77', '2021-10-26 16:01:31', 1, '2_11'),
	(92, 2, 11, 'test2赞了你的评论77', '2021-10-26 16:01:33', 1, '2_11'),
	(93, 2, 1, 'test2关注了你', '2021-10-26 16:35:48', 0, '1_2'),
	(94, 2, 80, 'test2关注了你的问题', '2021-10-26 16:35:53', 0, '2_80'),
	(95, 2, 80, 'test2关注了你的问题', '2021-10-26 16:41:21', 0, '2_80'),
	(96, 2, 1, 'test2关注了你', '2021-10-26 16:41:31', 0, '1_2'),
	(97, 2, 85, 'test2关注了你的问题', '2021-10-26 17:18:17', 0, '2_85'),
	(98, 2, 12, 'test2赞了你的评论85', '2021-10-26 17:18:24', 1, '2_12'),
	(99, 2, 83, 'test2关注了你的问题', '2021-10-27 10:19:49', 0, '2_83'),
	(100, 2, 83, 'test2关注了你的问题', '2021-10-27 10:19:51', 0, '2_83'),
	(101, 2, 83, 'test2关注了你的问题', '2021-10-27 10:19:56', 0, '2_83'),
	(102, 2, 83, 'test2关注了你的问题', '2021-10-27 10:19:59', 0, '2_83'),
	(103, 2, 83, 'test2关注了你的问题', '2021-10-27 10:20:00', 0, '2_83'),
	(104, 2, 83, 'test2关注了你的问题', '2021-10-27 10:20:11', 0, '2_83'),
	(105, 2, 11, 'test2赞了你的评论83', '2021-10-27 10:55:41', 1, '2_11'),
	(106, 2, 11, 'test2赞了你的评论83', '2021-10-27 10:55:42', 1, '2_11'),
	(107, 2, 11, 'test2赞了你的评论83', '2021-10-27 10:55:45', 1, '2_11'),
	(108, 2, 11, 'test2赞了你的评论83', '2021-10-27 10:55:47', 1, '2_11'),
	(109, 2, 11, 'test2赞了你的评论83', '2021-10-27 10:55:48', 1, '2_11'),
	(110, 2, 11, 'test2赞了你的评论83', '2021-10-27 11:03:51', 1, '2_11'),
	(111, 2, 11, 'test2赞了你的评论83', '2021-10-27 11:03:52', 1, '2_11'),
	(112, 2, 11, 'test2赞了你的评论83', '2021-10-27 11:03:54', 1, '2_11'),
	(113, 2, 11, 'test2赞了你的评论83', '2021-10-27 11:03:55', 1, '2_11'),
	(114, 2, 11, 'test2赞了你的评论83', '2021-10-27 11:03:56', 1, '2_11'),
	(115, 2, 11, 'test2赞了你的评论83', '2021-10-27 11:03:58', 1, '2_11'),
	(116, 2, 11, 'test2赞了你的评论83', '2021-10-27 11:04:04', 1, '2_11'),
	(117, 2, 85, 'test2关注了你的问题', '2021-10-27 11:27:44', 0, '2_85'),
	(118, 2, 11, 'test2赞了你的评论83', '2021-10-27 11:30:07', 1, '2_11'),
	(119, 2, 11, 'test2赞了你的评论null', '2021-10-27 18:11:51', 1, '2_11'),
	(120, 2, 11, 'test2赞了你的评论null', '2021-10-27 18:11:51', 1, '2_11'),
	(121, 2, 11, 'test2赞了你的评论null', '2021-10-27 18:11:52', 1, '2_11'),
	(122, 2, 11, 'test2赞了你的评论null', '2021-10-27 18:11:53', 1, '2_11'),
	(123, 2, 11, 'test2赞了你的评论null', '2021-10-27 18:11:54', 1, '2_11'),
	(124, 2, 11, 'test2赞了你的评论null', '2021-10-27 18:11:55', 1, '2_11'),
	(125, 2, 11, 'test2赞了你的评论null', '2021-10-27 18:11:55', 1, '2_11'),
	(126, 2, 11, 'test2赞了你的评论null', '2021-10-27 18:11:59', 1, '2_11'),
	(127, 2, 2, 'test2赞了你的评论null', '2021-10-27 18:12:00', 0, '2_2'),
	(128, 2, 2, 'test2赞了你的评论null', '2021-10-27 18:12:01', 0, '2_2'),
	(129, 2, 11, 'test2赞了你的评论null', '2021-10-27 18:12:02', 1, '2_11'),
	(130, 2, 11, 'test2赞了你的评论null', '2021-10-27 18:15:24', 1, '2_11'),
	(131, 2, 11, 'test2赞了你的评论null', '2021-10-27 18:15:25', 1, '2_11'),
	(132, 2, 11, 'test2赞了你的评论null', '2021-10-27 18:15:26', 1, '2_11'),
	(133, 2, 11, 'test2赞了你的评论null', '2021-10-27 18:15:27', 1, '2_11'),
	(134, 2, 11, 'test2赞了你的评论null', '2021-10-27 18:15:29', 1, '2_11'),
	(135, 2, 11, 'test2赞了你的评论null', '2021-10-27 18:15:32', 1, '2_11'),
	(136, 2, 11, 'test2赞了你的评论83', '2021-10-27 18:15:37', 1, '2_11'),
	(137, 2, 11, 'test2赞了你的评论83', '2021-10-27 18:15:41', 1, '2_11'),
	(138, 2, 11, 'test2赞了你的评论83', '2021-10-27 18:16:14', 1, '2_11'),
	(139, 2, 11, 'test2赞了你的评论83', '2021-10-27 18:16:15', 1, '2_11'),
	(140, 2, 11, 'test2赞了你的评论83', '2021-10-27 18:16:17', 1, '2_11'),
	(141, 2, 11, 'test2赞了你的评论83', '2021-10-27 18:16:19', 1, '2_11'),
	(142, 2, 11, 'test2赞了你的评论83', '2021-10-27 18:16:22', 1, '2_11'),
	(143, 2, 11, 'test2赞了你的评论83', '2021-10-27 18:16:24', 1, '2_11'),
	(144, 2, 11, 'test2赞了你的评论83', '2021-10-27 18:16:25', 1, '2_11'),
	(145, 2, 11, 'test2赞了你的评论83', '2021-10-27 18:16:26', 1, '2_11'),
	(146, 2, 11, 'test2赞了你的评论83', '2021-10-27 18:16:28', 1, '2_11'),
	(147, 2, 11, 'test2赞了你的评论83', '2021-10-27 18:16:30', 1, '2_11'),
	(148, 2, 11, 'test2赞了你的评论null', '2021-10-27 18:16:58', 1, '2_11'),
	(149, 2, 11, 'test2赞了你的评论null', '2021-10-27 18:17:40', 1, '2_11'),
	(150, 2, 11, 'test2赞了你的评论null', '2021-10-27 18:17:41', 1, '2_11'),
	(151, 2, 11, 'test2赞了你的评论null', '2021-10-27 18:17:42', 1, '2_11'),
	(152, 2, 11, 'test2赞了你的评论null', '2021-10-27 18:17:43', 1, '2_11'),
	(153, 2, 11, 'test2赞了你的评论null', '2021-10-27 18:17:57', 1, '2_11'),
	(154, 2, 11, 'test2赞了你的评论null', '2021-10-27 18:17:59', 1, '2_11'),
	(155, 2, 11, 'test2赞了你的评论null', '2021-10-27 18:18:01', 1, '2_11'),
	(156, 2, 11, 'test2赞了你的评论null', '2021-10-27 18:18:04', 1, '2_11'),
	(157, 2, 11, 'test2赞了你的评论null', '2021-10-27 18:18:06', 1, '2_11'),
	(158, 2, 11, 'test2赞了你的评论null', '2021-10-27 18:18:09', 1, '2_11'),
	(159, 2, 11, 'test1赞了你的评论null', '2021-10-27 18:18:51', 1, '2_11'),
	(160, 2, 2, 'test1赞了你的评论null', '2021-10-27 18:18:51', 0, '2_2'),
	(161, 2, 11, 'test2null', '2021-10-27 18:33:16', 1, '2_11'),
	(162, 2, 11, 'test2null', '2021-10-27 18:33:17', 1, '2_11'),
	(163, 2, 14, 'test1赞了你的问题', '2021-10-27 18:34:00', 1, '2_14'),
	(164, 2, 14, 'test1赞了你的问题', '2021-10-27 18:34:01', 1, '2_14'),
	(165, 2, 11, 'test4赞了你的问题', '2021-10-27 18:34:26', 0, '2_11'),
	(166, 2, 11, 'test4赞了你的问题', '2021-10-27 18:34:26', 0, '2_11'),
	(167, 2, 11, 'test3赞了你的问题', '2021-10-28 10:57:44', 0, '2_11'),
	(168, 2, 2, 'test3赞了你的问题', '2021-10-28 10:57:44', 0, '2_2'),
	(169, 2, 2, 'test5赞了你的问题', '2021-10-28 11:00:27', 0, '2_2'),
	(170, 2, 11, 'test5赞了你的问题', '2021-10-28 15:31:18', 0, '2_11'),
	(171, 2, 11, 'test5赞了你的问题', '2021-10-28 15:31:21', 0, '2_11'),
	(172, 2, 15, 'test5关注了你', '2021-10-28 15:40:45', 0, '2_15'),
	(173, 2, 1, 'test4赞了你的问题', '2021-11-11 17:19:42', 0, '1_2'),
	(174, 2, 11, 'test4关注了你', '2021-11-11 17:35:55', 0, '2_11'),
	(175, 2, 11, 'test4关注了你', '2021-11-11 17:35:56', 0, '2_11'),
	(176, 2, 12, 'test4赞了你的评论', '2021-11-15 11:16:46', 0, '2_12'),
	(177, 2, 85, 'test4关注了你的问题', '2021-11-15 14:19:43', 0, '2_85'),
	(178, 2, 2, 'test4赞了你的问题', '2021-11-15 16:29:13', 0, '2_2'),
	(179, 2, 2, 'test4赞了你的问题', '2021-11-15 16:29:15', 0, '2_2'),
	(180, 2, 2, 'test4赞了你的问题', '2021-11-15 16:29:16', 0, '2_2'),
	(181, 2, 2, 'test4赞了你的问题', '2021-11-15 16:29:17', 0, '2_2'),
	(182, 2, 1, 'test4赞了你的问题', '2021-11-15 17:26:52', 0, '1_2'),
	(183, 2, 14, 'test4赞了你的问题', '2021-11-15 17:26:55', 0, '2_14'),
	(184, 2, 14, 'test4赞了你的问题', '2021-11-15 17:26:55', 0, '2_14'),
	(185, 2, 84, 'test4关注了你的问题', '2021-11-15 17:27:23', 0, '2_84');
/*!40000 ALTER TABLE `message` ENABLE KEYS */;

-- 正在导出表  astera.question 的数据：~66 rows (大约)
/*!40000 ALTER TABLE `question` DISABLE KEYS */;
INSERT INTO `question` (`id`, `title`, `content`, `user_id`, `create_time`, `comment_count`) VALUES
	(1, 'TITLE{0}', 'Content 0', 1, '2021-08-27 11:59:06', 4),
	(2, 'TITLE{1}', 'Content 1', 2, '2021-08-27 12:59:06', 1),
	(3, 'TITLE{2}', 'Content 2', 3, '2021-08-27 13:59:06', 8),
	(4, 'TITLE{3}', 'Content 3', 4, '2021-08-27 14:59:06', 6),
	(5, 'TITLE{4}', 'Content 4', 5, '2021-08-27 15:59:06', 5),
	(6, 'TITLE{5}', 'Content 5', 6, '2021-08-27 16:59:06', 3),
	(7, 'TITLE{6}', 'Content 6', 7, '2021-08-27 17:59:06', 8),
	(8, 'TITLE{7}', 'Content 7', 8, '2021-08-27 18:59:06', 7),
	(9, 'TITLE{8}', 'Content 8', 9, '2021-08-27 19:59:06', 3),
	(10, 'TITLE{9}', 'Content 9', 10, '2021-08-27 20:59:06', 10),
	(21, 'TITLE{0}', 'Content 0', 1, '2021-08-27 18:25:31', 4),
	(22, 'TITLE{1}', 'Content 1', 2, '2021-08-27 19:25:32', 5),
	(23, 'TITLE{2}', 'Content 2', 3, '2021-08-27 20:25:32', 3),
	(24, 'TITLE{3}', 'Content 3', 4, '2021-08-27 21:25:32', 9),
	(25, 'TITLE{4}', 'Content 4', 5, '2021-08-27 22:25:32', 6),
	(26, 'TITLE{5}', 'Content 5', 6, '2021-08-27 23:25:32', 2),
	(27, 'TITLE{6}', 'Content 6', 7, '2021-08-28 00:25:32', 1),
	(28, 'TITLE{7}', 'Content 7', 8, '2021-08-28 01:25:32', 1),
	(29, 'TITLE{8}', 'Content 8', 9, '2021-08-28 02:25:32', 7),
	(30, 'TITLE{9}', 'Content 9', 10, '2021-08-28 03:25:32', 5),
	(31, 'TITLE{0}', 'Content 0', 1, '2021-08-27 18:25:47', 2),
	(32, 'TITLE{1}', 'Content 1', 2, '2021-08-27 19:25:47', 5),
	(33, 'TITLE{2}', 'Content 2', 3, '2021-08-27 20:25:47', 3),
	(34, 'TITLE{3}', 'Content 3', 4, '2021-08-27 21:25:47', 1),
	(35, 'TITLE{4}', 'Content 4', 5, '2021-08-27 22:25:47', 6),
	(36, 'TITLE{5}', 'Content 5', 6, '2021-08-27 23:25:47', 10),
	(37, 'TITLE{6}', 'Content 6', 7, '2021-08-28 00:25:47', 2),
	(38, 'TITLE{7}', 'Content 7', 8, '2021-08-28 01:25:47', 8),
	(39, 'TITLE{8}', 'Content 8', 9, '2021-08-28 02:25:47', 6),
	(40, 'TITLE{9}', 'Content 9', 10, '2021-08-28 03:25:47', 7),
	(41, 'TITLE{0}', 'Content 0', 1, '2021-08-27 18:25:56', 1),
	(42, 'TITLE{1}', 'Content 1', 2, '2021-08-27 19:25:56', 5),
	(43, 'TITLE{2}', 'Content 2', 3, '2021-08-27 20:25:56', 4),
	(44, 'TITLE{3}', 'Content 3', 4, '2021-08-27 21:25:56', 2),
	(45, 'TITLE{4}', 'Content 4', 5, '2021-08-27 22:25:56', 9),
	(46, 'TITLE{5}', 'Content 5', 6, '2021-08-27 23:25:56', 6),
	(47, 'TITLE{6}', 'Content 6', 7, '2021-08-28 00:25:56', 3),
	(48, 'TITLE{7}', 'Content 7', 8, '2021-08-28 01:25:56', 6),
	(49, 'TITLE{8}', 'Content 8', 9, '2021-08-28 02:25:56', 5),
	(50, 'TITLE{9}', 'Content 9', 10, '2021-08-28 03:25:56', 1),
	(51, 'TITLE{0}', 'Content 0', 1, '2021-08-27 18:26:03', 8),
	(52, 'TITLE{1}', 'Content 1', 2, '2021-08-27 19:26:04', 5),
	(53, 'TITLE{2}', 'Content 2', 3, '2021-08-27 20:26:04', 10),
	(54, 'TITLE{3}', 'Content 3', 4, '2021-08-27 21:26:04', 1),
	(55, 'TITLE{4}', 'Content 4', 5, '2021-08-27 22:26:04', 9),
	(56, 'TITLE{5}', 'Content 5', 6, '2021-08-27 23:26:04', 7),
	(57, 'TITLE{6}', 'Content 6', 7, '2021-08-28 00:26:04', 6),
	(58, 'TITLE{7}', 'Content 7', 8, '2021-08-28 01:26:04', 7),
	(59, 'TITLE{8}', 'Content 8', 9, '2021-08-28 02:26:04', 6),
	(60, 'TITLE{9}', 'Content 9', 10, '2021-08-28 03:26:04', 8),
	(61, 'test1', 'Content test1', 11, '2021-09-07 14:01:27', 0),
	(62, '抵制**', '坚 决 抵 制 **\n坚 决 抵 制 #**#', 11, '2021-09-07 18:53:18', 0),
	(63, 'test2', 'whitespace test', 12, '2021-09-08 11:57:44', 0),
	(64, 'test2', 'whitespace test2\ntest', 12, '2021-09-08 11:58:48', 0),
	(68, 'test3', 'line1\nline2      \nline3', 13, '2021-09-08 14:15:44', 0),
	(72, 'test4', 'dupin *\nbaoli *\ndubo *\nseqing *', 14, '2021-09-09 10:21:32', 0),
	(73, 'test4', 'dupin ？？？\nbaoli ？？？', 14, '2021-09-09 10:23:48', 0),
	(74, 'test4', '你???', 14, '2021-09-09 10:24:35', 0),
	(75, 'test4', '你***', 14, '2021-09-09 10:24:52', 0),
	(77, 'test4', '&lt;script&gt;alert(&#39;hello&#39;)&lt;/script&gt;', 14, '2021-09-09 10:54:54', 1),
	(79, 'USER0', '毒品\n暴力\n赌博\n色情\n敏感词保存，读取时不可见', 1, '2021-09-09 16:06:08', 0),
	(80, 'USER0', '&lt;script&gt;alert(&#39;hello&#39;)&lt;/script&gt;\nhtml标签转义保存，读取时反转义', 1, '2021-09-09 16:08:26', 0),
	(82, 'filterTest', '毒品\n暴力\n赌博\n色情\n敏感词保存，读取时不可见', 2, '2021-09-10 16:59:26', 5),
	(83, 'filterTest', '&lt;script&gt;alert(&#39;hello&#39;)&lt;/script&gt;\nhtml标签转义保存，读取时反转义', 2, '2021-09-10 16:59:57', 8),
	(84, 'follow me', 'rt', 11, '2021-10-25 17:01:55', 0),
	(85, 'feed1', 'gogogo', 11, '2021-10-26 15:40:31', 1);
/*!40000 ALTER TABLE `question` ENABLE KEYS */;

-- 正在导出表  astera.user 的数据：~15 rows (大约)
/*!40000 ALTER TABLE `user` DISABLE KEYS */;
INSERT INTO `user` (`id`, `name`, `password`, `salt`, `head_url`, `is_deleted`) VALUES
	(1, 'ANONYMOUS', '0d8573591cd3de34ae856af75dd54bce', 'ea454', '/images/img/6.png', 0),
	(2, 'SYSTEM', 'c7c386c7917ae14a1f68d6d6dbc06897', '88abc', '/images/img/16.png', 0),
	(3, 'ROBOT3', '915d2e65f7fa9066ebfd8603d88a4402', '1cd80', '/images/img/30.png', 1),
	(4, 'ROBOT4', '2054c278d54ed2bb78dc83c0b6931524', 'c1f9e', '/images/img/1.png', 0),
	(5, 'ROBOT5', 'd1dbdf6da23fdb267a1be7e7bfb3cfd6', 'cacbd', '/images/img/22.png', 0),
	(6, 'ROBOT6', '8ebc861b12760306f69c4baf29fd229b', '6d963', '/images/img/6.png', 0),
	(7, 'ROBOT7', '49b00e0098bbef9a0639c887cd8a2590', '87fae', '/images/img/33.png', 0),
	(8, 'ROBOT8', '312d665478b98fabcab687c00a6fd3f8', '77eec', '/images/img/15.png', 0),
	(9, 'ROBOT9', '9774352985d41192465c1a648b761c5c', '3a149', '/images/img/14.png', 0),
	(10, 'ROBOT10', 'fef2b9b16bc4ccf121d69857b958bc9e', '50d4e', '/images/img/17.png', 0),
	(11, 'test1', '0a57923364ba7215b64940d74f54ff53', 'fc6e6', '/images/img/14.png', 0),
	(12, 'test2', '99b2fb27b4d5fc83991447790abc3f99', 'd9675', '/images/img/10.png', 0),
	(13, 'test3', '5a6fe1b2398b26cc7aa2417844775321', '61267', '/images/img/25.png', 0),
	(14, 'test4', 'a227afd391c4bec92006ba47ab77b87c', '91b04', '/images/img/17.png', 0),
	(15, 'test5', 'cf4945f3368b92a3b8e234f7c0c30703', 'b12d8', '/images/img/31.png', 0);
/*!40000 ALTER TABLE `user` ENABLE KEYS */;

/*!40101 SET SQL_MODE=IFNULL(@OLD_SQL_MODE, '') */;
/*!40014 SET FOREIGN_KEY_CHECKS=IFNULL(@OLD_FOREIGN_KEY_CHECKS, 1) */;
/*!40101 SET CHARACTER_SET_CLIENT=@OLD_CHARACTER_SET_CLIENT */;
/*!40111 SET SQL_NOTES=IFNULL(@OLD_SQL_NOTES, 1) */;
